{"nodes":{"node:0":{"location":{"x":461,"y":8}},"node:4":{"location":{"x":210,"y":60}}},"selection":null,"view":{"scroll":{"x":89.98785400390625,"y":-288.243499755859375},"visible_rect":{"max":{"x":852.493896484375,"y":332.37823486328125},"min":{"x":44.993927001953125,"y":-144.121749877929688}},"zoom":2}}